<!--
Manifest template to demonstrate the proper XML namespace declarations for SCORM 2004 3rd Edition manifests. Provided by Rustici Software - www.scorm.com.
-->
<manifest xmlns="http://www.imsglobal.org/xsd/imscp_v1p1" xmlns:xsi="http://www.w3.org/2001/XMLSchema-instance" xmlns:adlcp="http://www.adlnet.org/xsd/adlcp_v1p3" xmlns:adlseq="http://www.adlnet.org/xsd/adlseq_v1p3" xmlns:adlnav="http://www.adlnet.org/xsd/adlnav_v1p3" xmlns:imsss="http://www.imsglobal.org/xsd/imsss" xmlns:lom="http://ltsc.ieee.org/xsd/LOM" identifier="com.scorm.manifesttemplates.scorm2004.3rdEd" version="1" xsi:schemaLocation="http://www.imsglobal.org/xsd/imscp_v1p1 imscp_v1p1.xsd http://www.adlnet.org/xsd/adlcp_v1p3 adlcp_v1p3.xsd http://www.adlnet.org/xsd/adlseq_v1p3 adlseq_v1p3.xsd http://www.adlnet.org/xsd/adlnav_v1p3 adlnav_v1p3.xsd http://www.imsglobal.org/xsd/imsss imsss_v1p0.xsd http://ltsc.ieee.org/xsd/LOM lom.xsd">
<metadata>
<schema>ADL SCORM</schema>
<schemaversion>2004 3rd Edition</schemaversion>
<lom:lom>
<lom:general>
<lom:description>
<lom:string language="en-US">Description</lom:string>
</lom:description>
</lom:general>
</lom:lom>
</metadata>

<organizations default="B0">
<organization identifier="B0" adlseq:objectivesGlobalToSystem="false">
<title>Title</title>
<item identifier="i1" identifierref="r1" isvisible="true">
<imsss:minNormalizedMeasure>0.5</imsss:minNormalizedMeasure> 
<title>Title</title>
</item>
</organization>
</organizations>
<resources>
<resource identifier="r1" type="webcontent" adlcp:scormType="sco" href="quiz.html">
<file href="SCORM_API_wrapper.js" />
<file href="_Other/index.html" />
<file href="_Other/indexTest.html" />
<file href="_Other/indexTest2.html" />
<file href="_Other/question.js" />
<file href="_Other/quiz.js" />
<file href="_Other/quizAPI.js" />
<file href="_Other/quizMain.js" />
<file href="_Other/testdrag.html" />
<file href="audio/CLIC5_U1_M1_CO_A1_Audio2.mp3" />
<file href="audio/TURKEY.mp3" />
<file href="controller.js" />
<file href="css/master.css" />
<file href="css/master_old.css" />
<file href="image/124817117.jpg" />
<file href="image/Desert.jpg" />
<file href="image/Koala.jpg" />
<file href="image/Penguins.jpg" />
<file href="image/backQuestion.jpg" />
<file href="image/belgique.jpg" />
<file href="image/canada.jpg" />
<file href="image/cforp.jpg" />
<file href="image/france.jpg" />
<file href="image/gilles.jpg" />
<file href="image/hubert.png" />
<file href="image/imageQuiz4-CLIC-bleu.jpg" />
<file href="image/jonathan.png" />
<file href="image/notPassed.png" />
<file href="image/passed.png" />
<file href="image/quizbg.jpg" />
<file href="input/questionSource.js" />
<file href="input/questionSource2.js" />
<file href="input/questionSourceAssociation.js" />
<file href="input/questionSourceMulti.js" />
<file href="input/questionSourceSequence.js" />
<file href="input/questionSourceTextTrousDD.js" />
<file href="input/questionSourceTextTrousDrag.js" />
<file href="input/quiz.html" />
<file href="input/quizSource.js" />
<file href="jcarouselLite.html" />
<file href="lib/bxslider/bx_styles/blue_auto.png" />
<file href="lib/bxslider/bx_styles/blue_next.png" />
<file href="lib/bxslider/bx_styles/blue_pager.png" />
<file href="lib/bxslider/bx_styles/blue_prev.png" />
<file href="lib/bxslider/bx_styles/bx_styles.css" />
<file href="lib/bxslider/bx_styles/gray_auto.png" />
<file href="lib/bxslider/bx_styles/gray_next.png" />
<file href="lib/bxslider/bx_styles/gray_pager.png" />
<file href="lib/bxslider/bx_styles/gray_prev.png" />
<file href="lib/bxslider/bx_styles/green_auto.png" />
<file href="lib/bxslider/bx_styles/green_next.png" />
<file href="lib/bxslider/bx_styles/green_pager.png" />
<file href="lib/bxslider/bx_styles/green_prev.png" />
<file href="lib/bxslider/bx_styles/orange_auto.png" />
<file href="lib/bxslider/bx_styles/orange_next.png" />
<file href="lib/bxslider/bx_styles/orange_pager.png" />
<file href="lib/bxslider/bx_styles/orange_prev.png" />
<file href="lib/bxslider/bx_styles/purple_auto.png" />
<file href="lib/bxslider/bx_styles/purple_next.png" />
<file href="lib/bxslider/bx_styles/purple_pager.png" />
<file href="lib/bxslider/bx_styles/purple_prev.png" />
<file href="lib/bxslider/bx_styles/red_auto.png" />
<file href="lib/bxslider/bx_styles/red_next.png" />
<file href="lib/bxslider/bx_styles/red_pager.png" />
<file href="lib/bxslider/bx_styles/red_prev.png" />
<file href="lib/bxslider/bx_styles/yellow_auto.png" />
<file href="lib/bxslider/bx_styles/yellow_next.png" />
<file href="lib/bxslider/bx_styles/yellow_pager.png" />
<file href="lib/bxslider/bx_styles/yellow_prev.png" />
<file href="lib/bxslider/source/jquery.bxSlider.js" />
<file href="lib/fancybox/blank.gif" />
<file href="lib/fancybox/fancybox_loading.gif" />
<file href="lib/fancybox/fancybox_overlay.png" />
<file href="lib/fancybox/fancybox_sprite.png" />
<file href="lib/fancybox/helpers/fancybox_buttons.png" />
<file href="lib/fancybox/helpers/jquery.fancybox-buttons.css" />
<file href="lib/fancybox/helpers/jquery.fancybox-buttons.js" />
<file href="lib/fancybox/helpers/jquery.fancybox-media.js" />
<file href="lib/fancybox/helpers/jquery.fancybox-thumbs.css" />
<file href="lib/fancybox/helpers/jquery.fancybox-thumbs.js" />
<file href="lib/fancybox/jquery.fancybox.css" />
<file href="lib/fancybox/jquery.fancybox.js" />
<file href="lib/init.js" />
<file href="lib/jcarousel/lib/jquery.jcarousel.js" />
<file href="lib/jcarousel/skins/ie7/credits.txt" />
<file href="lib/jcarousel/skins/ie7/loading-small.gif" />
<file href="lib/jcarousel/skins/ie7/loading.gif" />
<file href="lib/jcarousel/skins/ie7/loading_small.gif" />
<file href="lib/jcarousel/skins/ie7/next-horizontal.gif" />
<file href="lib/jcarousel/skins/ie7/prev-horizontal.gif" />
<file href="lib/jcarousel/skins/ie7/skin.css" />
<file href="lib/jcarousel/skins/tango/credits.txt" />
<file href="lib/jcarousel/skins/tango/next-horizontal.png" />
<file href="lib/jcarousel/skins/tango/next-vertical.png" />
<file href="lib/jcarousel/skins/tango/prev-horizontal.png" />
<file href="lib/jcarousel/skins/tango/prev-vertical.png" />
<file href="lib/jcarousel/skins/tango/skin.css" />
<file href="lib/jcarousel/style.css" />
<file href="lib/jquery-ui/css/dot-luv/images/ui-bg_diagonals-thick_15_0b3e6f_40x40.png" />
<file href="lib/jquery-ui/css/dot-luv/images/ui-bg_dots-medium_30_0b58a2_4x4.png" />
<file href="lib/jquery-ui/css/dot-luv/images/ui-bg_dots-small_20_333333_2x2.png" />
<file href="lib/jquery-ui/css/dot-luv/images/ui-bg_dots-small_30_a32d00_2x2.png" />
<file href="lib/jquery-ui/css/dot-luv/images/ui-bg_dots-small_40_00498f_2x2.png" />
<file href="lib/jquery-ui/css/dot-luv/images/ui-bg_flat_0_aaaaaa_40x100.png" />
<file href="lib/jquery-ui/css/dot-luv/images/ui-bg_flat_40_292929_40x100.png" />
<file href="lib/jquery-ui/css/dot-luv/images/ui-bg_gloss-wave_20_111111_500x100.png" />
<file href="lib/jquery-ui/css/dot-luv/images/ui-icons_00498f_256x240.png" />
<file href="lib/jquery-ui/css/dot-luv/images/ui-icons_98d2fb_256x240.png" />
<file href="lib/jquery-ui/css/dot-luv/images/ui-icons_9ccdfc_256x240.png" />
<file href="lib/jquery-ui/css/dot-luv/images/ui-icons_ffffff_256x240.png" />
<file href="lib/jquery-ui/css/dot-luv/jquery-ui-1.8.23.custom.css" />
<file href="lib/jquery-ui/js/jquery-1.8.0.min.js" />
<file href="lib/jquery-ui/js/jquery-ui-1.8.23.custom.min.js" />
<file href="lib/jquery.imagemapster.js" />
<file href="lib/jquery/jquery-1.7.2.min.js" />
<file href="lib/jquery/jquery.js" />
<file href="lib/jquery/jquery.tools.min.js" />
<file href="lib/jqueryAlert/images/help.gif" />
<file href="lib/jqueryAlert/images/important.gif" />
<file href="lib/jqueryAlert/images/info.gif" />
<file href="lib/jqueryAlert/images/title.gif" />
<file href="lib/jqueryAlert/jquery.alerts.css" />
<file href="lib/jqueryAlert/jquery.alerts.js" />
<file href="lib/jwplayer/jwconfig.js" />
<file href="lib/jwplayer/jwplayer.js" />
<file href="lib/jwplayer/player.swf" />
<file href="lib/jwplayer/swfobject.js" />
<file href="lib/quizSound.js" />
<file href="lib/roundabout/jquery.roundabout.js" />
<file href="quiz.html" />
<file href="quizTest.html" />
<file href="scormAPI.js" />
<file href="slide.js" />
<file href="sound/correct.mp3" />
<file href="sound/hover.mp3" />
<file href="sound/incorrect.mp3" />
<file href="sound/select.mp3" />
<file href="testHotSpot.html" />
<file href="testing.html" />
<file href="typeQuestion/CW/MJWeavertest.html" />
<file href="typeQuestion/CW/MJweaver.js" />
<file href="typeQuestion/CW/crossword.js" />
<file href="typeQuestion/CW/index.html" />
<file href="typeQuestion/CW/oy-cword-1.0/app/submitScore.php" />
<file href="typeQuestion/CW/oy-cword-1.0/app/trackAction.php" />
<file href="typeQuestion/CW/oy-cword-1.0/css/base.css" />
<file href="typeQuestion/CW/oy-cword-1.0/img/1.gif" />
<file href="typeQuestion/CW/oy-cword-1.0/img/10.gif" />
<file href="typeQuestion/CW/oy-cword-1.0/img/11.gif" />
<file href="typeQuestion/CW/oy-cword-1.0/img/12.gif" />
<file href="typeQuestion/CW/oy-cword-1.0/img/13.gif" />
<file href="typeQuestion/CW/oy-cword-1.0/img/14.gif" />
<file href="typeQuestion/CW/oy-cword-1.0/img/15.gif" />
<file href="typeQuestion/CW/oy-cword-1.0/img/16.gif" />
<file href="typeQuestion/CW/oy-cword-1.0/img/17.gif" />
<file href="typeQuestion/CW/oy-cword-1.0/img/18.gif" />
<file href="typeQuestion/CW/oy-cword-1.0/img/19.gif" />
<file href="typeQuestion/CW/oy-cword-1.0/img/2.gif" />
<file href="typeQuestion/CW/oy-cword-1.0/img/20.gif" />
<file href="typeQuestion/CW/oy-cword-1.0/img/21.gif" />
<file href="typeQuestion/CW/oy-cword-1.0/img/3.gif" />
<file href="typeQuestion/CW/oy-cword-1.0/img/4.gif" />
<file href="typeQuestion/CW/oy-cword-1.0/img/5.gif" />
<file href="typeQuestion/CW/oy-cword-1.0/img/6.gif" />
<file href="typeQuestion/CW/oy-cword-1.0/img/7.gif" />
<file href="typeQuestion/CW/oy-cword-1.0/img/8.gif" />
<file href="typeQuestion/CW/oy-cword-1.0/img/9.gif" />
<file href="typeQuestion/CW/oy-cword-1.0/img/whereto.gif" />
<file href="typeQuestion/CW/oy-cword-1.0/js/oyClue.js" />
<file href="typeQuestion/CW/oy-cword-1.0/js/oyEpilogue.js" />
<file href="typeQuestion/CW/oy-cword-1.0/js/oyJsrAjax.js" />
<file href="typeQuestion/CW/oy-cword-1.0/js/oyMenu.js" />
<file href="typeQuestion/CW/oy-cword-1.0/js/oyMisc.js" />
<file href="typeQuestion/CW/oy-cword-1.0/js/oyPrologue.js" />
<file href="typeQuestion/CW/oy-cword-1.0/js/oyPuzzle.js" />
<file href="typeQuestion/CW/oy-cword-1.0/js/oyServer.js" />
<file href="typeQuestion/CW/oy-cword-1.0/js/oySign.js" />
<file href="typeQuestion/CW/oy-cword-1.0/license.txt" />
<file href="typeQuestion/CW/oy-cword-1.0/readme.txt" />
<file href="typeQuestion/CW/puzzle-1.html" />
<file href="typeQuestion/HS/hotSpot.css" />
<file href="typeQuestion/HS/hotSpot.js" />
<file href="typeQuestion/HS/image/mark.png" />
<file href="typeQuestion/HS/image/target_t.gif" />
<file href="typeQuestion/HS/launchHotSpot.js" />
<file href="typeQuestion/MC/image/false.png" />
<file href="typeQuestion/MC/image/true.png" />
<file href="typeQuestion/MC/mc.css" />
<file href="typeQuestion/MC/multipleChoice.js" />
<file href="typeQuestion/TF/image/false.png" />
<file href="typeQuestion/TF/image/true.png" />
<file href="typeQuestion/TF/tf.css" />
<file href="typeQuestion/TF/trueFalse.js" />
<file href="typeQuestion/association/association.css" />
<file href="typeQuestion/association/association.js" />
<file href="typeQuestion/association/association_old.css" />
<file href="typeQuestion/association/association_old2.js" />
<file href="typeQuestion/association/images/Thumbs.db" />
<file href="typeQuestion/association/images/false.png" />
<file href="typeQuestion/association/images/puzzleQuestion.jpg" />
<file href="typeQuestion/association/images/puzzleQuestion.png" />
<file href="typeQuestion/association/images/puzzleQuestionHover.png" />
<file href="typeQuestion/association/images/puzzleReponse.png" />
<file href="typeQuestion/association/images/puzzleReponseHover.png" />
<file href="typeQuestion/association/images/true.png" />
<file href="typeQuestion/association_old/association.css" />
<file href="typeQuestion/association_old/association.js" />
<file href="typeQuestion/association_old/images/false.png" />
<file href="typeQuestion/association_old/images/puzzle.psd" />
<file href="typeQuestion/association_old/images/puzzleQuestion.jpg" />
<file href="typeQuestion/association_old/images/puzzleQuestion.png" />
<file href="typeQuestion/association_old/images/puzzleQuestionHover.png" />
<file href="typeQuestion/association_old/images/puzzleReponse.png" />
<file href="typeQuestion/association_old/images/puzzleReponseHover.png" />
<file href="typeQuestion/association_old/images/true.png" />
<file href="typeQuestion/sequence/images/blank.jpg" />
<file href="typeQuestion/sequence/images/dropArrow.jpg" />
<file href="typeQuestion/sequence/images/dropArrow.png" />
<file href="typeQuestion/sequence/images/sortLine.jpg" />
<file href="typeQuestion/sequence/images/sortLine.png" />
<file href="typeQuestion/sequence/sequenceDD.css" />
<file href="typeQuestion/sequence/sequenceDD.js" />
<file href="typeQuestion/sequence/sequenceListe.css" />
<file href="typeQuestion/sequence/sequenceListe.js" />
<file href="typeQuestion/sequence/testDrop.html" />
<file href="typeQuestion/slideUtils.js" />
<file href="typeQuestion/slideUtils_orig.js" />
<file href="typeQuestion/textesTrous/texteTrousDrag.css" />
<file href="typeQuestion/textesTrous/texteTrousDrag.js" />
<file href="typeQuestion/textesTrous/texteTrousDrag2.js" />
<file href="typeQuestion/textesTrous/texteTrousDrop.css" />
<file href="typeQuestion/textesTrous/texteTrousDrop.js" />
<file href="typeQuestion/textesTrous/texteTrousDrop2.js" />
<file href="typeQuestion/textesTrous/texteTrousDrop_old.js" />
<file href="utils.js" />
<file href="video/CLIC5_U1_M1_EE_A3_video1.mp4" />
</resource>
</resources>

<imsss:sequencingCollection>
<imsss:sequencing>
	<imsss:deliveryControls completionSetByContent="true" objectiveSetByContent="true"/>
</imsss:sequencing>
</imsss:sequencingCollection>

</manifest>